client_request_id,customer_id,supplier_id,supplier_name,supplier_performance_score,quotation_response_id,unit_price,delivery_days,rfq_sent_at,ml_score,heuristic_score
1,C330,1,AlphaPrint,3.53,1,9.71,6,2025-05-17 04:40:50.270776,0.7603325822139871,3.53
1,C330,2,BetaColor,4.05,2,10.4,5,2025-05-17 04:40:50.280768,0.9509232823752631,4.05
1,C330,3,GigaPress,4.81,3,12.41,7,2025-05-17 04:40:50.287769,0.9308065718973881,4.81
1,C330,4,FlyerFactory,3.84,4,10.92,8,2025-05-17 04:40:50.292769,0.92310331390663,3.84
1,C330,8,ColorSprint,3.88,5,12.37,7,2025-05-17 04:40:50.299776,0.9076366560240128,3.88
1,C330,12,InkFusion,4.26,6,11.72,5,2025-05-17 04:40:50.304776,0.9436841854650184,4.26
1,C330,13,NeoPrint,4.31,7,10.64,4,2025-05-17 04:40:50.309779,0.9579762508141066,4.31
1,C330,14,ArtifyPress,3.2,8,10.22,8,2025-05-17 04:40:50.314781,0.6789048991851323,3.2
1,C330,15,MetroPrints,4.98,9,11.9,10,2025-05-17 04:40:50.319780,0.9124555569721776,4.98
1,C330,16,NovaPrint,3.11,10,10.16,10,2025-05-17 04:40:50.324779,0.9137049615211039,3.11
2,C501,1,AlphaPrint,3.53,11,12.5,3,2025-05-17 04:40:50.331775,0.9450936608704802,3.53
2,C501,2,BetaColor,4.05,12,13.47,9,2025-05-17 04:40:50.337775,0.887908794397134,4.05
2,C501,5,TeeMasters,3.32,13,14.27,8,2025-05-17 04:40:50.342772,0.8663881131699454,3.32
2,C501,6,VinylKing,4.21,14,15.74,7,2025-05-17 04:40:50.347773,0.5075715017379955,4.21
2,C501,7,ExpressInk,4.99,15,15.71,9,2025-05-17 04:40:50.352774,0.857235449959314,4.99
2,C501,8,ColorSprint,3.88,16,13.33,3,2025-05-17 04:40:50.357773,0.6998108769526493,3.88
2,C501,9,FlexiPrint,4.98,17,13.35,4,2025-05-17 04:40:50.362777,0.9488358906128888,4.98
2,C501,12,InkFusion,4.26,18,15.62,10,2025-05-17 04:40:50.368768,0.8312354759779698,4.26
2,C501,14,ArtifyPress,3.2,19,14.51,10,2025-05-17 04:40:50.372769,0.8304573304474906,3.2
2,C501,16,NovaPrint,3.11,20,15.37,5,2025-05-17 04:40:50.377778,0.8695851962874501,3.11
2,C501,17,EcoFlyers,4.7,21,12.97,8,2025-05-17 04:40:50.382777,0.9204314397344469,4.7
2,C501,20,SigmaPrint,4.21,22,13.51,8,2025-05-17 04:40:50.388770,0.9049557616185805,4.21
3,C367,1,AlphaPrint,3.53,23,10.63,7,2025-05-17 04:40:50.393775,0.9432983442493768,3.53
3,C367,2,BetaColor,4.05,24,13.0,9,2025-05-17 04:40:50.398769,0.8994203093230486,4.05
3,C367,5,TeeMasters,3.32,25,13.35,3,2025-05-17 04:40:50.403776,0.931168091581018,3.32
3,C367,6,VinylKing,4.21,26,13.12,6,2025-05-17 04:40:50.407769,0.6824707864782452,4.21
3,C367,7,ExpressInk,4.99,27,12.27,9,2025-05-17 04:40:50.412777,0.9302209781285136,4.99
3,C367,8,ColorSprint,3.88,28,12.45,7,2025-05-17 04:40:50.417769,0.9245375984771604,3.88
3,C367,9,FlexiPrint,4.98,29,11.55,7,2025-05-17 04:40:50.422776,0.9513415535514715,4.98
3,C367,12,InkFusion,4.26,30,13.07,3,2025-05-17 04:40:50.427769,0.9438310122684126,4.26
3,C367,14,ArtifyPress,3.2,31,12.55,3,2025-05-17 04:40:50.433770,0.939635541389365,3.2
3,C367,16,NovaPrint,3.11,32,10.79,8,2025-05-17 04:40:50.438778,0.6721771168450583,3.11
3,C367,17,EcoFlyers,4.7,33,12.31,4,2025-05-17 04:40:50.443781,0.9534540751415441,4.7
3,C367,20,SigmaPrint,4.21,34,12.23,9,2025-05-17 04:40:50.449776,0.6458707878291992,4.21
4,C634,1,AlphaPrint,3.53,35,10.34,9,2025-05-17 04:40:50.454779,0.9238977030281101,3.53
4,C634,4,FlyerFactory,3.84,36,8.35,8,2025-05-17 04:40:50.459777,0.9586011519814039,3.84
4,C634,5,TeeMasters,3.32,37,8.22,4,2025-05-17 04:40:50.465775,0.9674463868087625,3.32
4,C634,7,ExpressInk,4.99,38,8.33,4,2025-05-17 04:40:50.470776,0.9790027291139486,4.99
4,C634,8,ColorSprint,3.88,39,8.28,8,2025-05-17 04:40:50.475776,0.9580448436738641,3.88
4,C634,13,NeoPrint,4.31,40,10.76,5,2025-05-17 04:40:50.481775,0.772952264195939,4.31
4,C634,14,ArtifyPress,3.2,41,10.23,5,2025-05-17 04:40:50.486776,0.9415544443790294,3.2
4,C634,16,NovaPrint,3.11,42,8.52,5,2025-05-17 04:40:50.491769,0.960215257426282,3.11
4,C634,18,PremiumInk,3.79,43,9.07,6,2025-05-17 04:40:50.496776,0.7882261414359293,3.79
5,C512,2,BetaColor,4.05,44,11.41,4,2025-05-17 04:40:50.501770,0.7406219501435861,4.05
5,C512,4,FlyerFactory,3.84,45,13.14,9,2025-05-17 04:40:50.506781,0.8685293629725248,3.84
5,C512,5,TeeMasters,3.32,46,13.79,7,2025-05-17 04:40:50.511783,0.8671260108559059,3.32
5,C512,8,ColorSprint,3.88,47,12.11,7,2025-05-17 04:40:50.516779,0.6362594900068054,3.88
5,C512,11,RapidPress,3.1,48,10.96,3,2025-05-17 04:40:50.522776,0.7322897203520776,3.1
5,C512,12,InkFusion,4.26,49,10.64,4,2025-05-17 04:40:50.527775,0.7785630796678111,4.26
5,C512,14,ArtifyPress,3.2,50,13.7,3,2025-05-17 04:40:50.536776,0.9031460513314641,3.2
5,C512,16,NovaPrint,3.11,51,10.53,6,2025-05-17 04:40:50.541770,0.7012204832996217,3.11
5,C512,18,PremiumInk,3.79,52,10.96,5,2025-05-17 04:40:50.546780,0.9438557503642014,3.79
6,C819,1,AlphaPrint,3.53,53,14.16,6,2025-05-17 04:40:50.551769,0.5771142849531301,3.53
6,C819,2,BetaColor,4.05,54,13.83,9,2025-05-17 04:40:50.556769,0.8783063711939365,4.05
6,C819,5,TeeMasters,3.32,55,11.85,5,2025-05-17 04:40:50.562775,0.7087174309576038,3.32
6,C819,6,VinylKing,4.21,56,14.21,4,2025-05-17 04:40:50.567777,0.9209593655476972,4.21
6,C819,7,ExpressInk,4.99,57,12.17,9,2025-05-17 04:40:50.572782,0.6840229526657917,4.99
6,C819,8,ColorSprint,3.88,58,13.22,9,2025-05-17 04:40:50.577779,0.5760730999311202,3.88
6,C819,9,FlexiPrint,4.98,59,11.56,6,2025-05-17 04:40:50.582781,0.9575663820638868,4.98
6,C819,12,InkFusion,4.26,60,14.35,8,2025-05-17 04:40:50.587770,0.89200166028001,4.26
6,C819,14,ArtifyPress,3.2,61,12.6,9,2025-05-17 04:40:50.593776,0.887805074212422,3.2
6,C819,16,NovaPrint,3.11,62,11.06,8,2025-05-17 04:40:50.598776,0.6713710001178569,3.11
6,C819,17,EcoFlyers,4.7,63,12.5,7,2025-05-17 04:40:50.603782,0.9372525890028912,4.7
6,C819,20,SigmaPrint,4.21,64,14.15,7,2025-05-17 04:40:50.608776,0.9044507790595917,4.21
7,C763,1,AlphaPrint,3.53,65,11.64,6,2025-05-17 04:40:50.613780,0.6739220780274728,3.53
7,C763,4,FlyerFactory,3.84,66,10.07,9,2025-05-17 04:40:50.619776,0.689384607039338,3.84
7,C763,5,TeeMasters,3.32,67,10.79,6,2025-05-17 04:40:50.624777,0.9311793738760352,3.32
7,C763,7,ExpressInk,4.99,68,10.45,8,2025-05-17 04:40:50.629769,0.946892558096378,4.99
7,C763,8,ColorSprint,3.88,69,11.7,4,2025-05-17 04:40:50.634769,0.9411053898845216,3.88
7,C763,13,NeoPrint,4.31,70,11.92,4,2025-05-17 04:40:50.640775,0.9472210035217392,4.31
7,C763,14,ArtifyPress,3.2,71,11.12,6,2025-05-17 04:40:50.644777,0.9262198272191797,3.2
7,C763,16,NovaPrint,3.11,72,11.29,8,2025-05-17 04:40:50.650776,0.9025233470525343,3.11
7,C763,18,PremiumInk,3.79,73,11.51,7,2025-05-17 04:40:50.655776,0.6623506911072334,3.79
8,C873,1,AlphaPrint,3.53,74,10.99,6,2025-05-17 04:40:50.661776,0.9448839581429286,3.53
8,C873,2,BetaColor,4.05,75,11.38,9,2025-05-17 04:40:50.665769,0.9272278407352244,4.05
8,C873,5,TeeMasters,3.32,76,10.9,8,2025-05-17 04:40:50.670776,0.927831692735163,3.32
8,C873,6,VinylKing,4.21,77,13.32,7,2025-05-17 04:40:50.675779,0.9168330302226047,4.21
8,C873,7,ExpressInk,4.99,78,11.41,3,2025-05-17 04:40:50.680770,0.8378334649424735,4.99
8,C873,8,ColorSprint,3.88,79,12.71,10,2025-05-17 04:40:50.685770,0.8893610759473939,3.88
8,C873,9,FlexiPrint,4.98,80,13.34,5,2025-05-17 04:40:50.691775,0.941615361539457,4.98
8,C873,12,InkFusion,4.26,81,13.54,8,2025-05-17 04:40:50.696777,0.9083019808142312,4.26
8,C873,14,ArtifyPress,3.2,82,11.31,10,2025-05-17 04:40:50.701777,0.907258917397541,3.2
8,C873,16,NovaPrint,3.11,83,12.1,4,2025-05-17 04:40:50.707770,0.9352041148534785,3.11
8,C873,17,EcoFlyers,4.7,84,12.27,6,2025-05-17 04:40:50.712781,0.7402800656843435,4.7
8,C873,20,SigmaPrint,4.21,85,11.15,7,2025-05-17 04:40:50.717782,0.9485238518868411,4.21
9,C918,1,AlphaPrint,3.53,86,12.78,10,2025-05-17 04:40:50.722782,0.857431864700453,3.53
9,C918,2,BetaColor,4.05,87,13.8,7,2025-05-17 04:40:50.727780,0.5632333011209777,4.05
9,C918,5,TeeMasters,3.32,88,11.15,7,2025-05-17 04:40:50.732776,0.9207492340047477,3.32
9,C918,6,VinylKing,4.21,89,12.79,8,2025-05-17 04:40:50.737777,0.898847339733138,4.21
9,C918,7,ExpressInk,4.99,90,10.9,4,2025-05-17 04:40:50.742779,0.7988309875773154,4.99
9,C918,8,ColorSprint,3.88,91,12.49,6,2025-05-17 04:40:50.747770,0.6554170359491913,3.88
9,C918,9,FlexiPrint,4.98,92,13.57,10,2025-05-17 04:40:50.753776,0.8846269242920846,4.98
9,C918,12,InkFusion,4.26,93,14.15,7,2025-05-17 04:40:50.759770,0.8844161128527129,4.26
9,C918,14,ArtifyPress,3.2,94,11.82,6,2025-05-17 04:40:50.764777,0.9139886682313267,3.2
9,C918,16,NovaPrint,3.11,95,13.97,9,2025-05-17 04:40:50.768778,0.8311412746981918,3.11
9,C918,17,EcoFlyers,4.7,96,11.21,7,2025-05-17 04:40:50.773782,0.7187462987435075,4.7
9,C918,20,SigmaPrint,4.21,97,12.24,3,2025-05-17 04:40:50.778782,0.7397460693704959,4.21
10,C281,1,AlphaPrint,3.53,98,11.77,8,2025-05-17 04:40:50.784769,0.9031473894293017,3.53
10,C281,2,BetaColor,4.05,99,14.12,8,2025-05-17 04:40:50.789779,0.8724305322786687,4.05
10,C281,5,TeeMasters,3.32,100,11.53,8,2025-05-17 04:40:50.794776,0.9056785875419006,3.32
10,C281,6,VinylKing,4.21,101,11.37,7,2025-05-17 04:40:50.799777,0.9352203755590709,4.21
10,C281,7,ExpressInk,4.99,102,12.64,10,2025-05-17 04:40:50.804776,0.8988078048864961,4.99
10,C281,8,ColorSprint,3.88,103,10.91,4,2025-05-17 04:40:50.809777,0.951598477371754,3.88
10,C281,9,FlexiPrint,4.98,104,13.42,5,2025-05-17 04:40:50.814776,0.9293674902474817,4.98
10,C281,12,InkFusion,4.26,105,12.35,9,2025-05-17 04:40:50.819770,0.6047596984177304,4.26
10,C281,14,ArtifyPress,3.2,106,12.57,8,2025-05-17 04:40:50.824778,0.8785469256509884,3.2
10,C281,16,NovaPrint,3.11,107,13.82,8,2025-05-17 04:40:50.829779,0.46727185150803313,3.11
10,C281,17,EcoFlyers,4.7,108,13.65,4,2025-05-17 04:40:50.834769,0.9286663707491402,4.7
10,C281,20,SigmaPrint,4.21,109,12.28,8,2025-05-17 04:40:50.839776,0.910691978350279,4.21
11,C884,2,BetaColor,4.05,110,11.74,4,2025-05-17 04:40:50.844770,0.7793843065573134,4.05
11,C884,4,FlyerFactory,3.84,111,13.15,8,2025-05-17 04:40:50.850771,0.9070527575798429,3.84
11,C884,5,TeeMasters,3.32,112,11.43,8,2025-05-17 04:40:50.855778,0.9276785706158452,3.32
11,C884,8,ColorSprint,3.88,113,14.45,7,2025-05-17 04:40:50.861769,0.8945024024892793,3.88
11,C884,11,RapidPress,3.1,114,13.23,7,2025-05-17 04:40:50.866778,0.5975860175810566,3.1
11,C884,12,InkFusion,4.26,115,11.49,7,2025-05-17 04:40:50.871780,0.9492412564290199,4.26
11,C884,14,ArtifyPress,3.2,116,12.97,4,2025-05-17 04:40:50.876769,0.9312846609160167,3.2
11,C884,16,NovaPrint,3.11,117,11.51,7,2025-05-17 04:40:50.881770,0.932831974740822,3.11
11,C884,18,PremiumInk,3.79,118,11.8,8,2025-05-17 04:40:50.886783,0.9267190840405862,3.79
12,C191,1,AlphaPrint,3.53,119,12.84,3,2025-05-17 04:40:50.892775,0.6828592506692087,3.53
12,C191,2,BetaColor,4.05,120,12.31,7,2025-05-17 04:40:50.897780,0.9151485758013332,4.05
12,C191,5,TeeMasters,3.32,121,14.29,5,2025-05-17 04:40:50.903776,0.8769731699056454,3.32
12,C191,6,VinylKing,4.21,122,15.63,9,2025-05-17 04:40:50.907776,0.4296075787266897,4.21
12,C191,7,ExpressInk,4.99,123,15.3,10,2025-05-17 04:40:50.912769,0.8355298023863117,4.99
12,C191,8,ColorSprint,3.88,124,15.37,3,2025-05-17 04:40:50.918768,0.5637678282458545,3.88
12,C191,9,FlexiPrint,4.98,125,13.66,4,2025-05-17 04:40:50.924770,0.9295163177134629,4.98
12,C191,12,InkFusion,4.26,126,12.65,6,2025-05-17 04:40:50.930775,0.6597948057234676,4.26
12,C191,14,ArtifyPress,3.2,127,15.06,7,2025-05-17 04:40:50.935770,0.824767247949098,3.2
12,C191,16,NovaPrint,3.11,128,12.97,6,2025-05-17 04:40:50.941769,0.8880163032229855,3.11
12,C191,17,EcoFlyers,4.7,129,13.05,3,2025-05-17 04:40:50.947768,0.9396744325376493,4.7
12,C191,20,SigmaPrint,4.21,130,13.28,8,2025-05-17 04:40:50.953769,0.5852951002003316,4.21
13,C780,1,AlphaPrint,3.53,131,14.34,7,2025-05-17 04:40:50.960769,0.8551768891119537,3.53
13,C780,4,FlyerFactory,3.84,132,13.2,3,2025-05-17 04:40:50.970770,0.9258868965937181,3.84
13,C780,6,VinylKing,4.21,133,13.54,5,2025-05-17 04:40:50.978770,0.9100384071871916,4.21
13,C780,7,ExpressInk,4.99,134,13.93,10,2025-05-17 04:40:50.986854,0.5303258454665154,4.99
13,C780,8,ColorSprint,3.88,135,11.59,10,2025-05-17 04:40:50.993772,0.8955770013720276,3.88
13,C780,12,InkFusion,4.26,136,12.61,5,2025-05-17 04:40:51.003842,0.9264240048318219,4.26
13,C780,14,ArtifyPress,3.2,137,13.86,4,2025-05-17 04:40:51.009776,0.8974993918631095,3.2
13,C780,16,NovaPrint,3.11,138,13.17,6,2025-05-17 04:40:51.014779,0.8899302647889157,3.11
13,C780,17,EcoFlyers,4.7,139,11.94,7,2025-05-17 04:40:51.019780,0.9299625169962451,4.7
13,C780,18,PremiumInk,3.79,140,11.48,10,2025-05-17 04:40:51.025786,0.9035587030652895,3.79
13,C780,19,BoldPress,4.0,141,11.01,10,2025-05-17 04:40:51.030781,0.6367884396682958,4.0
13,C780,20,SigmaPrint,4.21,142,12.06,6,2025-05-17 04:40:51.035782,0.6862916256068818,4.21
14,C423,1,AlphaPrint,3.53,143,14.61,5,2025-05-17 04:40:51.041781,0.8718069165914932,3.53
14,C423,2,BetaColor,4.05,144,15.13,3,2025-05-17 04:40:51.046776,0.5798001084556007,4.05
14,C423,5,TeeMasters,3.32,145,15.92,6,2025-05-17 04:40:51.051776,0.43684804856621456,3.32
14,C423,6,VinylKing,4.21,146,15.63,8,2025-05-17 04:40:51.056776,0.8281639305313382,4.21
14,C423,7,ExpressInk,4.99,147,14.81,7,2025-05-17 04:40:51.061777,0.8862300067043032,4.99
14,C423,8,ColorSprint,3.88,148,14.8,8,2025-05-17 04:40:51.066773,0.8402367540622592,3.88
14,C423,9,FlexiPrint,4.98,149,15.63,5,2025-05-17 04:40:51.071773,0.5598908272565599,4.98
14,C423,12,InkFusion,4.26,150,12.96,9,2025-05-17 04:40:51.076773,0.8881216992252251,4.26
14,C423,14,ArtifyPress,3.2,151,14.29,9,2025-05-17 04:40:51.081773,0.8233787728743651,3.2
14,C423,16,NovaPrint,3.11,152,15.06,4,2025-05-17 04:40:51.086773,0.506491995862599,3.11
14,C423,17,EcoFlyers,4.7,153,14.21,6,2025-05-17 04:40:51.091845,0.6029509538891725,4.7
14,C423,20,SigmaPrint,4.21,154,14.8,9,2025-05-17 04:40:51.096775,0.836696226640643,4.21
15,C807,2,BetaColor,4.05,155,13.11,8,2025-05-17 04:40:51.101769,0.576129886657913,4.05
15,C807,4,FlyerFactory,3.84,156,13.35,9,2025-05-17 04:40:51.106770,0.8626690990983067,3.84
15,C807,5,TeeMasters,3.32,157,11.89,10,2025-05-17 04:40:51.111780,0.5547051242868629,3.32
15,C807,8,ColorSprint,3.88,158,14.08,6,2025-05-17 04:40:51.117769,0.562760728424465,3.88
15,C807,11,RapidPress,3.1,159,14.14,5,2025-05-17 04:40:51.123776,0.5457363610236349,3.1
15,C807,12,InkFusion,4.26,160,11.82,6,2025-05-17 04:40:51.128778,0.9337242272061963,4.26
15,C807,14,ArtifyPress,3.2,161,13.52,8,2025-05-17 04:40:51.133781,0.8548847451655754,3.2
15,C807,16,NovaPrint,3.11,162,12.2,8,2025-05-17 04:40:51.138769,0.5757935932167543,3.11
15,C807,18,PremiumInk,3.79,163,12.38,8,2025-05-17 04:40:51.144775,0.8965948920185064,3.79
16,C747,2,BetaColor,4.05,164,9.74,9,2025-05-17 04:40:51.149777,0.9368472496367579,4.05
16,C747,4,FlyerFactory,3.84,165,10.04,6,2025-05-17 04:40:51.155776,0.9512023801026903,3.84
16,C747,5,TeeMasters,3.32,166,11.47,8,2025-05-17 04:40:51.160769,0.903753663905287,3.32
16,C747,8,ColorSprint,3.88,167,12.11,3,2025-05-17 04:40:51.165776,0.9443559316221167,3.88
16,C747,11,RapidPress,3.1,168,12.17,10,2025-05-17 04:40:51.171768,0.8717580347064701,3.1
16,C747,12,InkFusion,4.26,169,9.52,6,2025-05-17 04:40:51.175780,0.9578774024206053,4.26
16,C747,14,ArtifyPress,3.2,170,12.13,6,2025-05-17 04:40:51.180779,0.910123960293117,3.2
16,C747,16,NovaPrint,3.11,171,9.64,9,2025-05-17 04:40:51.186776,0.9239294800424961,3.11
16,C747,18,PremiumInk,3.79,172,12.36,3,2025-05-17 04:40:51.190777,0.934500460149325,3.79
17,C439,1,AlphaPrint,3.53,173,11.25,3,2025-05-17 04:40:51.197768,0.9489436062839304,3.53
17,C439,4,FlyerFactory,3.84,174,13.65,5,2025-05-17 04:40:51.203768,0.9012263028670201,3.84
17,C439,6,VinylKing,4.21,175,12.5,9,2025-05-17 04:40:51.208769,0.5760144475024743,4.21
17,C439,7,ExpressInk,4.99,176,13.0,7,2025-05-17 04:40:51.213841,0.6613073790522757,4.99
17,C439,8,ColorSprint,3.88,177,12.79,5,2025-05-17 04:40:51.218769,0.9192684858451678,3.88
17,C439,12,InkFusion,4.26,178,12.79,10,2025-05-17 04:40:51.224776,0.550955697431257,4.26
17,C439,14,ArtifyPress,3.2,179,13.3,9,2025-05-17 04:40:51.229776,0.8459169307334201,3.2
17,C439,16,NovaPrint,3.11,180,11.32,8,2025-05-17 04:40:51.234769,0.6075725829041108,3.11
17,C439,17,EcoFlyers,4.7,181,12.59,5,2025-05-17 04:40:51.239769,0.9379733316523097,4.7
17,C439,18,PremiumInk,3.79,182,14.38,8,2025-05-17 04:40:51.244778,0.47884183389363655,3.79
17,C439,19,BoldPress,4.0,183,13.93,10,2025-05-17 04:40:51.249777,0.838874660797958,4.0
17,C439,20,SigmaPrint,4.21,184,13.52,3,2025-05-17 04:40:51.254778,0.684700204524272,4.21
18,C946,1,AlphaPrint,3.53,185,9.46,10,2025-05-17 04:40:51.260769,0.7215432490526872,3.53
18,C946,4,FlyerFactory,3.84,186,9.26,7,2025-05-17 04:40:51.269776,0.7948906183810268,3.84
18,C946,5,TeeMasters,3.32,187,9.92,7,2025-05-17 04:40:51.283776,0.9505686082316903,3.32
18,C946,7,ExpressInk,4.99,188,9.58,7,2025-05-17 04:40:51.288778,0.8365821209189465,4.99
18,C946,8,ColorSprint,3.88,189,8.37,9,2025-05-17 04:40:51.294771,0.9625976660663224,3.88
18,C946,13,NeoPrint,4.31,190,9.53,9,2025-05-17 04:40:51.301775,0.9543037035667232,4.31
18,C946,14,ArtifyPress,3.2,191,8.22,3,2025-05-17 04:40:51.308778,0.9761131799126805,3.2
18,C946,16,NovaPrint,3.11,192,10.01,4,2025-05-17 04:40:51.316769,0.9584811795914676,3.11
18,C946,18,PremiumInk,3.79,193,8.48,5,2025-05-17 04:40:51.321769,0.9730540765190464,3.79
19,C839,1,AlphaPrint,3.53,194,13.64,3,2025-05-17 04:40:51.326776,0.9120733112839401,3.53
19,C839,3,GigaPress,4.81,195,13.14,4,2025-05-17 04:40:51.331780,0.7187505237925375,4.81
19,C839,7,ExpressInk,4.99,196,13.63,9,2025-05-17 04:40:51.337769,0.8956001585375316,4.99
19,C839,10,ZetaGraphics,4.07,197,12.7,3,2025-05-17 04:40:51.343771,0.7117690360681296,4.07
19,C839,12,InkFusion,4.26,198,13.54,5,2025-05-17 04:40:51.349776,0.9160862130913259,4.26
19,C839,13,NeoPrint,4.31,199,10.36,10,2025-05-17 04:40:51.353780,0.9319542962165707,4.31
19,C839,14,ArtifyPress,3.2,200,13.44,7,2025-05-17 04:40:51.358781,0.8752378396198114,3.2
19,C839,16,NovaPrint,3.11,201,11.5,8,2025-05-17 04:40:51.363778,0.5993561821583789,3.11
19,C839,17,EcoFlyers,4.7,202,13.34,7,2025-05-17 04:40:51.368781,0.6195965612263918,4.7
19,C839,19,BoldPress,4.0,203,12.48,7,2025-05-17 04:40:51.373776,0.9123788413216699,4.0
20,C311,1,AlphaPrint,3.53,204,12.64,10,2025-05-17 04:40:51.379049,0.8976518558824667,3.53
20,C311,2,BetaColor,4.05,205,13.98,9,2025-05-17 04:40:51.384049,0.8837626352326621,4.05
20,C311,3,GigaPress,4.81,206,13.0,6,2025-05-17 04:40:51.389049,0.7228461822283077,4.81
20,C311,4,FlyerFactory,3.84,207,13.01,8,2025-05-17 04:40:51.394058,0.9111710261405795,3.84
20,C311,8,ColorSprint,3.88,208,13.09,6,2025-05-17 04:40:51.403059,0.924324517783638,3.88
20,C311,12,InkFusion,4.26,209,12.81,4,2025-05-17 04:40:51.410056,0.9472741755999611,4.26
20,C311,13,NeoPrint,4.31,210,14.09,12,2025-05-17 04:40:51.415058,0.5070702912288741,4.31
20,C311,14,ArtifyPress,3.2,211,13.38,3,2025-05-17 04:40:51.420049,0.681607475850406,3.2
20,C311,15,MetroPrints,4.98,212,11.47,10,2025-05-17 04:40:51.425049,0.7183538209600925,4.98
20,C311,16,NovaPrint,3.11,213,12.72,4,2025-05-17 04:40:51.430049,0.9300338231605614,3.11
21,C750,1,AlphaPrint,3.53,214,15.06,10,2025-05-17 04:40:51.436123,0.7844241467682468,3.53
21,C750,2,BetaColor,4.05,215,11.87,5,2025-05-17 04:40:51.442049,0.9377728459260422,4.05
21,C750,5,TeeMasters,3.32,216,15.53,5,2025-05-17 04:40:51.447049,0.8433175524449743,3.32
21,C750,6,VinylKing,4.21,217,14.73,8,2025-05-17 04:40:51.451049,0.8510015104826666,4.21
21,C750,7,ExpressInk,4.99,218,12.39,9,2025-05-17 04:40:51.456049,0.6382391853183154,4.99
21,C750,8,ColorSprint,3.88,219,14.34,6,2025-05-17 04:40:51.461054,0.8802932540525386,3.88
21,C750,9,FlexiPrint,4.98,220,14.68,7,2025-05-17 04:40:51.465049,0.887558717377358,4.98
21,C750,12,InkFusion,4.26,221,13.65,8,2025-05-17 04:40:51.471049,0.8860471378344559,4.26
21,C750,14,ArtifyPress,3.2,222,15.57,7,2025-05-17 04:40:51.475049,0.8169464592122204,3.2
21,C750,16,NovaPrint,3.11,223,13.59,4,2025-05-17 04:40:51.480061,0.8961165486323946,3.11
21,C750,17,EcoFlyers,4.7,224,13.9,3,2025-05-17 04:40:51.485055,0.9291652241764686,4.7
21,C750,20,SigmaPrint,4.21,225,13.21,9,2025-05-17 04:40:51.490049,0.5534115940165251,4.21
22,C504,1,AlphaPrint,3.53,226,10.45,12,2025-05-17 04:40:51.495049,0.9327113891405361,3.53
22,C504,2,BetaColor,4.05,227,10.36,4,2025-05-17 04:40:51.500062,0.9734962827257742,4.05
22,C504,3,GigaPress,4.81,228,12.19,4,2025-05-17 04:40:51.504057,0.8224344605718598,4.81
22,C504,4,FlyerFactory,3.84,229,12.12,4,2025-05-17 04:40:51.509049,0.9556638594255703,3.84
22,C504,8,ColorSprint,3.88,230,10.7,9,2025-05-17 04:40:51.515049,0.7643615949759234,3.88
22,C504,12,InkFusion,4.26,231,12.8,10,2025-05-17 04:40:51.520049,0.9251313134459235,4.26
22,C504,13,NeoPrint,4.31,232,11.68,3,2025-05-17 04:40:51.525054,0.8392428836314285,4.31
22,C504,14,ArtifyPress,3.2,233,12.49,8,2025-05-17 04:40:51.529053,0.6706252655700955,3.2
22,C504,15,MetroPrints,4.98,234,10.02,4,2025-05-17 04:40:51.534473,0.979392563528292,4.98
22,C504,16,NovaPrint,3.11,235,12.37,7,2025-05-17 04:40:51.538475,0.9267396703690295,3.11
23,C942,1,AlphaPrint,3.53,236,10.36,10,2025-05-17 04:40:51.544472,0.6706259002804075,3.53
23,C942,2,BetaColor,4.05,237,10.92,7,2025-05-17 04:40:51.549467,0.9455155568583259,4.05
23,C942,3,GigaPress,4.81,238,10.89,5,2025-05-17 04:40:51.553716,0.8114141461213867,4.81
23,C942,4,FlyerFactory,3.84,239,9.78,7,2025-05-17 04:40:51.558712,0.953514049248906,3.84
23,C942,8,ColorSprint,3.88,240,10.33,9,2025-05-17 04:40:51.563703,0.9383498176324622,3.88
23,C942,12,InkFusion,4.26,241,11.31,8,2025-05-17 04:40:51.569711,0.9382347972792163,4.26
23,C942,13,NeoPrint,4.31,242,9.26,9,2025-05-17 04:40:51.574213,0.9547879850316061,4.31
23,C942,14,ArtifyPress,3.2,243,10.75,9,2025-05-17 04:40:51.579210,0.9202318551438011,3.2
23,C942,15,MetroPrints,4.98,244,10.73,4,2025-05-17 04:40:51.583203,0.9681310087164381,4.98
23,C942,16,NovaPrint,3.11,245,11.48,7,2025-05-17 04:40:51.588213,0.9226662548511253,3.11
24,C381,1,AlphaPrint,3.53,246,9.54,6,2025-05-17 04:40:51.594133,0.9499804307152975,3.53
24,C381,3,GigaPress,4.81,247,9.08,7,2025-05-17 04:40:51.599955,0.8058851055434058,4.81
24,C381,7,ExpressInk,4.99,248,9.1,9,2025-05-17 04:40:51.604955,0.9577630108579077,4.99
24,C381,10,ZetaGraphics,4.07,249,11.46,9,2025-05-17 04:40:51.609955,0.9135333595736266,4.07
24,C381,12,InkFusion,4.26,250,11.92,5,2025-05-17 04:40:51.614452,0.9397019371366889,4.26
24,C381,13,NeoPrint,4.31,251,11.11,3,2025-05-17 04:40:51.619929,0.9583519014126517,4.31
24,C381,14,ArtifyPress,3.2,252,10.92,8,2025-05-17 04:40:51.623936,0.6454158705880043,3.2
24,C381,16,NovaPrint,3.11,253,9.47,8,2025-05-17 04:40:51.629932,0.9332170072177397,3.11
24,C381,17,EcoFlyers,4.7,254,11.68,4,2025-05-17 04:40:51.634929,0.7730722707047272,4.7
24,C381,19,BoldPress,4.0,255,9.12,8,2025-05-17 04:40:51.639286,0.7616305339845293,4.0
25,C154,1,AlphaPrint,3.53,256,10.59,9,2025-05-17 04:40:51.644287,0.9474640228441228,3.53
25,C154,4,FlyerFactory,3.84,257,10.78,3,2025-05-17 04:40:51.649281,0.9718568621221716,3.84
25,C154,5,TeeMasters,3.32,258,10.59,7,2025-05-17 04:40:51.654287,0.954893771551364,3.32
25,C154,7,ExpressInk,4.99,259,10.41,4,2025-05-17 04:40:51.659279,0.9774186031413191,4.99
25,C154,8,ColorSprint,3.88,260,12.02,3,2025-05-17 04:40:51.663972,0.9632175424491042,3.88
25,C154,13,NeoPrint,4.31,261,11.82,9,2025-05-17 04:40:51.669971,0.7338442173458928,4.31
25,C154,14,ArtifyPress,3.2,262,11.61,12,2025-05-17 04:40:51.674976,0.9076971957261603,3.2
25,C154,16,NovaPrint,3.11,263,10.05,9,2025-05-17 04:40:51.680321,0.7362618933456376,3.11
25,C154,18,PremiumInk,3.79,264,10.62,9,2025-05-17 04:40:51.685324,0.9476376555679278,3.79
26,C316,1,AlphaPrint,3.53,265,8.52,6,2025-05-17 04:40:51.690320,0.9624454532213642,3.53
26,C316,4,FlyerFactory,3.84,266,8.48,3,2025-05-17 04:40:51.696743,0.8531420344069555,3.84
26,C316,5,TeeMasters,3.32,267,9.49,4,2025-05-17 04:40:51.700683,0.9601165487084994,3.32
26,C316,7,ExpressInk,4.99,268,8.41,9,2025-05-17 04:40:51.706677,0.9650931670718985,4.99
26,C316,8,ColorSprint,3.88,269,9.89,3,2025-05-17 04:40:51.711683,0.9647509572854498,3.88
26,C316,13,NeoPrint,4.31,270,10.63,4,2025-05-17 04:40:51.717930,0.9587388117621553,4.31
26,C316,14,ArtifyPress,3.2,271,9.16,8,2025-05-17 04:40:51.722938,0.9417386197036334,3.2
26,C316,16,NovaPrint,3.11,272,9.63,5,2025-05-17 04:40:51.727933,0.9497454397278843,3.11
26,C316,18,PremiumInk,3.79,273,8.31,5,2025-05-17 04:40:51.731938,0.966967190218789,3.79
27,C860,1,AlphaPrint,3.53,274,10.3,9,2025-05-17 04:40:51.738332,0.9376104216753827,3.53
27,C860,3,GigaPress,4.81,275,10.89,6,2025-05-17 04:40:51.743332,0.8006772501199203,4.81
27,C860,7,ExpressInk,4.99,276,9.63,10,2025-05-17 04:40:51.748333,0.7741585049481203,4.99
27,C860,10,ZetaGraphics,4.07,277,9.91,3,2025-05-17 04:40:51.753981,0.9721067400537541,4.07
27,C860,12,InkFusion,4.26,278,11.97,4,2025-05-17 04:40:51.758981,0.9519316121592182,4.26
27,C860,13,NeoPrint,4.31,279,11.09,8,2025-05-17 04:40:51.762984,0.7310830717891057,4.31
27,C860,14,ArtifyPress,3.2,280,11.87,4,2025-05-17 04:40:51.768171,0.9383298414618891,3.2
27,C860,16,NovaPrint,3.11,281,11.67,8,2025-05-17 04:40:51.772664,0.6277691967777209,3.11
27,C860,17,EcoFlyers,4.7,282,11.24,5,2025-05-17 04:40:51.777666,0.7993667444451036,4.7
27,C860,19,BoldPress,4.0,283,10.95,9,2025-05-17 04:40:51.782663,0.9335741687365673,4.0
28,C298,1,AlphaPrint,3.53,284,13.72,8,2025-05-17 04:40:51.788760,0.5166728084517713,3.53
28,C298,2,BetaColor,4.05,285,14.7,8,2025-05-17 04:40:51.792628,0.8489373050231993,4.05
28,C298,5,TeeMasters,3.32,286,12.34,9,2025-05-17 04:40:51.798628,0.8839443215232636,3.32
28,C298,6,VinylKing,4.21,287,13.31,3,2025-05-17 04:40:51.803621,0.6930843054740374,4.21
28,C298,7,ExpressInk,4.99,288,12.72,9,2025-05-17 04:40:51.807620,0.9124410409001497,4.99
28,C298,8,ColorSprint,3.88,289,12.19,10,2025-05-17 04:40:51.812620,0.8838015398052782,3.88
28,C298,9,FlexiPrint,4.98,290,14.79,7,2025-05-17 04:40:51.817620,0.5655141823581333,4.98
28,C298,12,InkFusion,4.26,291,14.4,7,2025-05-17 04:40:51.822620,0.8780179658931202,4.26
28,C298,14,ArtifyPress,3.2,292,12.26,8,2025-05-17 04:40:51.827620,0.5540341242671722,3.2
28,C298,16,NovaPrint,3.11,293,14.3,5,2025-05-17 04:40:51.832619,0.8643066429656451,3.11
28,C298,17,EcoFlyers,4.7,294,13.54,9,2025-05-17 04:40:51.837696,0.5635002982531869,4.7
28,C298,20,SigmaPrint,4.21,295,14.47,10,2025-05-17 04:40:51.842627,0.4469995149221833,4.21
29,C466,1,AlphaPrint,3.53,296,10.61,9,2025-05-17 04:40:51.847628,0.9192960612104694,3.53
29,C466,4,FlyerFactory,3.84,297,11.32,8,2025-05-17 04:40:51.852629,0.6566588593120066,3.84
29,C466,6,VinylKing,4.21,298,11.83,7,2025-05-17 04:40:51.857628,0.9281273557088325,4.21
29,C466,7,ExpressInk,4.99,299,10.94,3,2025-05-17 04:40:51.862629,0.9657992384288263,4.99
29,C466,8,ColorSprint,3.88,300,10.17,10,2025-05-17 04:40:51.867626,0.6634603383386388,3.88
29,C466,12,InkFusion,4.26,301,9.63,6,2025-05-17 04:40:51.872629,0.9562572121129289,4.26
29,C466,14,ArtifyPress,3.2,302,11.47,8,2025-05-17 04:40:51.877631,0.9016304113544833,3.2
29,C466,16,NovaPrint,3.11,303,10.78,4,2025-05-17 04:40:51.883627,0.9449305022472291,3.11
29,C466,17,EcoFlyers,4.7,304,10.94,5,2025-05-17 04:40:51.887629,0.9566351072455549,4.7
29,C466,18,PremiumInk,3.79,305,10.59,6,2025-05-17 04:40:51.893627,0.9428705640362978,3.79
29,C466,19,BoldPress,4.0,306,9.46,7,2025-05-17 04:40:51.898627,0.9543421042587628,4.0
29,C466,20,SigmaPrint,4.21,307,10.21,7,2025-05-17 04:40:51.903630,0.9461107177551076,4.21
30,C703,2,BetaColor,4.05,308,12.95,7,2025-05-17 04:40:51.908627,0.9147500283640786,4.05
30,C703,4,FlyerFactory,3.84,309,12.96,10,2025-05-17 04:40:51.925627,0.8882714924699651,3.84
30,C703,5,TeeMasters,3.32,310,13.14,8,2025-05-17 04:40:51.931626,0.8923201826612914,3.32
30,C703,8,ColorSprint,3.88,311,12.76,9,2025-05-17 04:40:51.936629,0.6133342672366845,3.88
30,C703,11,RapidPress,3.1,312,13.7,4,2025-05-17 04:40:51.941620,0.9092308061578702,3.1
30,C703,12,InkFusion,4.26,313,13.26,8,2025-05-17 04:40:51.946621,0.9081661737849566,4.26
30,C703,14,ArtifyPress,3.2,314,13.78,9,2025-05-17 04:40:51.951620,0.860073012962574,3.2
30,C703,16,NovaPrint,3.11,315,10.45,8,2025-05-17 04:40:51.956620,0.9309651712896467,3.11
30,C703,18,PremiumInk,3.79,316,13.44,7,2025-05-17 04:40:51.961620,0.9083386845001056,3.79
31,C812,1,AlphaPrint,3.53,317,11.34,4,2025-05-17 04:40:51.966619,0.9599282007477501,3.53
31,C812,2,BetaColor,4.05,318,10.58,8,2025-05-17 04:40:51.971693,0.9578818759227365,4.05
31,C812,3,GigaPress,4.81,319,10.03,8,2025-05-17 04:40:51.975704,0.9685562654543882,4.81
31,C812,4,FlyerFactory,3.84,320,10.04,8,2025-05-17 04:40:51.980632,0.9590104766855096,3.84
31,C812,8,ColorSprint,3.88,321,11.0,6,2025-05-17 04:40:51.985627,0.9608093832913791,3.88
31,C812,12,InkFusion,4.26,322,10.99,4,2025-05-17 04:40:51.991627,0.969736853575084,4.26
31,C812,13,NeoPrint,4.31,323,11.87,8,2025-05-17 04:40:51.995631,0.9444314489467699,4.31
31,C812,14,ArtifyPress,3.2,324,11.98,4,2025-05-17 04:40:52.000628,0.9521046498550824,3.2
31,C812,15,MetroPrints,4.98,325,10.52,12,2025-05-17 04:40:52.005631,0.9513704867184704,4.98
31,C812,16,NovaPrint,3.11,326,10.02,3,2025-05-17 04:40:52.010620,0.9714595532027789,3.11
32,C106,1,AlphaPrint,3.53,327,8.67,3,2025-05-17 04:40:52.016627,0.9695719672825303,3.53
32,C106,4,FlyerFactory,3.84,328,9.95,5,2025-05-17 04:40:52.021620,0.9536054784551018,3.84
32,C106,5,TeeMasters,3.32,329,9.09,7,2025-05-17 04:40:52.025620,0.9506753254368115,3.32
32,C106,7,ExpressInk,4.99,330,10.19,8,2025-05-17 04:40:52.030621,0.7691837277772529,4.99
32,C106,8,ColorSprint,3.88,331,7.77,6,2025-05-17 04:40:52.035631,0.9686732881602452,3.88
32,C106,13,NeoPrint,4.31,332,9.56,4,2025-05-17 04:40:52.041621,0.9679432747638085,4.31
32,C106,14,ArtifyPress,3.2,333,8.97,8,2025-05-17 04:40:52.046620,0.9441096838642796,3.2
32,C106,16,NovaPrint,3.11,334,10.12,8,2025-05-17 04:40:52.052620,0.9286442895707575,3.11
32,C106,18,PremiumInk,3.79,335,8.19,9,2025-05-17 04:40:52.057627,0.7682573535893016,3.79
33,C872,1,AlphaPrint,3.53,336,14.08,3,2025-05-17 04:40:52.062621,0.9239768104260806,3.53
33,C872,3,GigaPress,4.81,337,13.27,6,2025-05-17 04:40:52.067627,0.7056356809824491,4.81
33,C872,7,ExpressInk,4.99,338,15.67,4,2025-05-17 04:40:52.072621,0.9194400318870879,4.99
33,C872,10,ZetaGraphics,4.07,339,12.64,6,2025-05-17 04:40:52.077621,0.9331787798611688,4.07
33,C872,12,InkFusion,4.26,340,15.49,8,2025-05-17 04:40:52.082628,0.867588707871972,4.26
33,C872,13,NeoPrint,4.31,341,15.57,10,2025-05-17 04:40:52.087620,0.8402568404215537,4.31
33,C872,14,ArtifyPress,3.2,342,13.75,6,2025-05-17 04:40:52.092620,0.6111853602153103,3.2
33,C872,16,NovaPrint,3.11,343,13.73,3,2025-05-17 04:40:52.097620,0.9269314034931387,3.11
33,C872,17,EcoFlyers,4.7,344,15.3,9,2025-05-17 04:40:52.101620,0.8747700211760191,4.7
33,C872,19,BoldPress,4.0,345,15.65,4,2025-05-17 04:40:52.106620,0.8946286864066798,4.0
34,C221,1,AlphaPrint,3.53,346,11.55,5,2025-05-17 04:40:52.112621,0.7045522750725861,3.53
34,C221,2,BetaColor,4.05,347,10.13,10,2025-05-17 04:40:52.117700,0.929511312151878,4.05
34,C221,3,GigaPress,4.81,348,11.22,10,2025-05-17 04:40:52.122628,0.9210361363831144,4.81
34,C221,4,FlyerFactory,3.84,349,9.1,9,2025-05-17 04:40:52.127628,0.9457418490448708,3.84
34,C221,8,ColorSprint,3.88,350,9.92,10,2025-05-17 04:40:52.132628,0.9304094663107977,3.88
34,C221,12,InkFusion,4.26,351,9.25,10,2025-05-17 04:40:52.138627,0.9428030519691182,4.26
34,C221,13,NeoPrint,4.31,352,10.12,10,2025-05-17 04:40:52.143620,0.9295844275340336,4.31
34,C221,14,ArtifyPress,3.2,353,9.46,3,2025-05-17 04:40:52.147630,0.9629789228158134,3.2
34,C221,15,MetroPrints,4.98,354,11.1,3,2025-05-17 04:40:52.154629,0.9637426376303515,4.98
34,C221,16,NovaPrint,3.11,355,11.32,7,2025-05-17 04:40:52.161621,0.9133439078506058,3.11
35,C916,1,AlphaPrint,3.53,356,9.76,3,2025-05-17 04:40:52.167621,0.8042826135056184,3.53
35,C916,3,GigaPress,4.81,357,10.18,7,2025-05-17 04:40:52.173620,0.9561869943226105,4.81
35,C916,7,ExpressInk,4.99,358,11.42,10,2025-05-17 04:40:52.178621,0.660942953334358,4.99
35,C916,10,ZetaGraphics,4.07,359,10.61,9,2025-05-17 04:40:52.184620,0.670831715377824,4.07
35,C916,12,InkFusion,4.26,360,10.28,10,2025-05-17 04:40:52.188620,0.9293938090827458,4.26
35,C916,13,NeoPrint,4.31,361,9.72,5,2025-05-17 04:40:52.193620,0.9620946323016204,4.31
35,C916,14,ArtifyPress,3.2,362,10.82,9,2025-05-17 04:40:52.198620,0.9118259969499937,3.2
35,C916,16,NovaPrint,3.11,363,10.51,8,2025-05-17 04:40:52.203621,0.9173044742547841,3.11
35,C916,17,EcoFlyers,4.7,364,9.19,4,2025-05-17 04:40:52.209704,0.9704299704633841,4.7
35,C916,19,BoldPress,4.0,365,11.13,5,2025-05-17 04:40:52.214628,0.7431035663997717,4.0
36,C352,1,AlphaPrint,3.53,366,13.24,6,2025-05-17 04:40:52.220627,0.9166282287901069,3.53
36,C352,2,BetaColor,4.05,367,16.89,8,2025-05-17 04:40:52.225631,0.43229270030216893,4.05
36,C352,5,TeeMasters,3.32,368,15.49,8,2025-05-17 04:40:52.230620,0.4554671091849451,3.32
36,C352,6,VinylKing,4.21,369,16.35,3,2025-05-17 04:40:52.235620,0.8968320877968143,4.21
36,C352,7,ExpressInk,4.99,370,14.24,10,2025-05-17 04:40:52.240635,0.8972912417776916,4.99
36,C352,8,ColorSprint,3.88,371,15.63,8,2025-05-17 04:40:52.249623,0.48516590527832293,3.88
36,C352,9,FlexiPrint,4.98,372,13.79,10,2025-05-17 04:40:52.254625,0.5961123131956231,4.98
36,C352,12,InkFusion,4.26,373,13.77,7,2025-05-17 04:40:52.260706,0.6325021298723038,4.26
36,C352,14,ArtifyPress,3.2,374,15.43,3,2025-05-17 04:40:52.265621,0.586868258771147,3.2
36,C352,16,NovaPrint,3.11,375,13.8,12,2025-05-17 04:40:52.270627,0.822487592428003,3.11
36,C352,17,EcoFlyers,4.7,376,15.05,9,2025-05-17 04:40:52.275629,0.8817074840968134,4.7
36,C352,20,SigmaPrint,4.21,377,16.85,10,2025-05-17 04:40:52.280627,0.8003735065289639,4.21
37,C773,1,AlphaPrint,3.53,378,10.42,6,2025-05-17 04:40:52.285632,0.9438435210009424,3.53
37,C773,2,BetaColor,4.05,379,9.72,10,2025-05-17 04:40:52.290620,0.9306720939108191,4.05
37,C773,3,GigaPress,4.81,380,11.89,8,2025-05-17 04:40:52.296632,0.9298239437251824,4.81
37,C773,4,FlyerFactory,3.84,381,10.2,6,2025-05-17 04:40:52.301620,0.7478246511440793,3.84
37,C773,8,ColorSprint,3.88,382,11.13,6,2025-05-17 04:40:52.306627,0.9376033684553422,3.88
37,C773,12,InkFusion,4.26,383,11.29,5,2025-05-17 04:40:52.312628,0.945052509926421,4.26
37,C773,13,NeoPrint,4.31,384,12.59,8,2025-05-17 04:40:52.317627,0.6064749036693372,4.31
37,C773,14,ArtifyPress,3.2,385,11.38,3,2025-05-17 04:40:52.322632,0.7220673842080524,3.2
37,C773,15,MetroPrints,4.98,386,10.71,5,2025-05-17 04:40:52.327627,0.7910473002278652,4.98
37,C773,16,NovaPrint,3.11,387,9.88,4,2025-05-17 04:40:52.331629,0.9504594181397513,3.11
38,C115,1,AlphaPrint,3.53,388,11.23,3,2025-05-17 04:40:52.338633,0.7527176121443885,3.53
38,C115,4,FlyerFactory,3.84,389,10.67,4,2025-05-17 04:40:52.347627,0.9514343857166889,3.84
38,C115,5,TeeMasters,3.32,390,10.86,6,2025-05-17 04:40:52.352627,0.9317444463685043,3.32
38,C115,7,ExpressInk,4.99,391,10.11,4,2025-05-17 04:40:52.357621,0.969418573488044,4.99
38,C115,8,ColorSprint,3.88,392,11.92,8,2025-05-17 04:40:52.361631,0.9074223848794304,3.88
38,C115,13,NeoPrint,4.31,393,10.82,3,2025-05-17 04:40:52.367630,0.9606350921278799,4.31
38,C115,14,ArtifyPress,3.2,394,10.45,10,2025-05-17 04:40:52.372633,0.9101788788079614,3.2
38,C115,16,NovaPrint,3.11,395,11.33,10,2025-05-17 04:40:52.377620,0.8806529558450897,3.11
38,C115,18,PremiumInk,3.79,396,10.8,6,2025-05-17 04:40:52.382633,0.7132830426369962,3.79
39,C241,1,AlphaPrint,3.53,397,12.24,3,2025-05-17 04:40:52.388626,0.6929287171856288,3.53
39,C241,2,BetaColor,4.05,398,12.8,3,2025-05-17 04:40:52.392634,0.7108134833781379,4.05
39,C241,5,TeeMasters,3.32,399,13.76,3,2025-05-17 04:40:52.397631,0.6125342805016771,3.32
39,C241,6,VinylKing,4.21,400,11.14,7,2025-05-17 04:40:52.402633,0.7038870897497669,4.21
39,C241,7,ExpressInk,4.99,401,12.25,10,2025-05-17 04:40:52.407630,0.9090872107767101,4.99
39,C241,8,ColorSprint,3.88,402,13.48,8,2025-05-17 04:40:52.412622,0.5436456005247555,3.88
39,C241,9,FlexiPrint,4.98,403,11.49,8,2025-05-17 04:40:52.416628,0.9337388621743078,4.98
39,C241,12,InkFusion,4.26,404,10.98,9,2025-05-17 04:40:52.423628,0.6643216018759276,4.26
39,C241,14,ArtifyPress,3.2,405,11.15,9,2025-05-17 04:40:52.428627,0.9043030252805784,3.2
39,C241,16,NovaPrint,3.11,406,11.14,10,2025-05-17 04:40:52.434620,0.8895201565429292,3.11
39,C241,17,EcoFlyers,4.7,407,13.51,6,2025-05-17 04:40:52.439619,0.6334229595610986,4.7
39,C241,20,SigmaPrint,4.21,408,12.09,9,2025-05-17 04:40:52.444620,0.9070991739400189,4.21
40,C285,1,AlphaPrint,3.53,409,10.32,10,2025-05-17 04:40:52.449621,0.9154139517751425,3.53
40,C285,3,GigaPress,4.81,410,10.38,6,2025-05-17 04:40:52.454699,0.7822108666778306,4.81
40,C285,7,ExpressInk,4.99,411,9.97,8,2025-05-17 04:40:52.460620,0.7780660744715533,4.99
40,C285,10,ZetaGraphics,4.07,412,10.58,4,2025-05-17 04:40:52.465621,0.7716793432916963,4.07
40,C285,12,InkFusion,4.26,413,10.73,6,2025-05-17 04:40:52.471629,0.7449385547167244,4.26
40,C285,13,NeoPrint,4.31,414,11.14,9,2025-05-17 04:40:52.476621,0.9212947375592611,4.31
40,C285,14,ArtifyPress,3.2,415,13.03,9,2025-05-17 04:40:52.481631,0.851920433462935,3.2
40,C285,16,NovaPrint,3.11,416,12.41,5,2025-05-17 04:40:52.486629,0.6195166677724592,3.11
40,C285,17,EcoFlyers,4.7,417,11.94,5,2025-05-17 04:40:52.491627,0.9457616701709184,4.7
40,C285,19,BoldPress,4.0,418,11.78,4,2025-05-17 04:40:52.496627,0.9417691600972491,4.0
41,C695,1,AlphaPrint,3.53,419,10.08,8,2025-05-17 04:40:52.501628,0.9359029872617087,3.53
41,C695,2,BetaColor,4.05,420,10.63,7,2025-05-17 04:40:52.505631,0.9384818701298858,4.05
41,C695,3,GigaPress,4.81,421,11.71,6,2025-05-17 04:40:52.511620,0.940023797101685,4.81
41,C695,4,FlyerFactory,3.84,422,9.19,9,2025-05-17 04:40:52.515620,0.7284958410477825,3.84
41,C695,8,ColorSprint,3.88,423,9.43,7,2025-05-17 04:40:52.521620,0.951364626702019,3.88
41,C695,12,InkFusion,4.26,424,11.23,7,2025-05-17 04:40:52.526620,0.9369251878604029,4.26
41,C695,13,NeoPrint,4.31,425,9.56,6,2025-05-17 04:40:52.531698,0.9583955673748787,4.31
41,C695,14,ArtifyPress,3.2,426,9.2,3,2025-05-17 04:40:52.536629,0.9621516982499044,3.2
41,C695,15,MetroPrints,4.98,427,9.06,9,2025-05-17 04:40:52.541630,0.9563291014314121,4.98
41,C695,16,NovaPrint,3.11,428,9.08,5,2025-05-17 04:40:52.546630,0.7732703633765675,3.11
42,C194,1,AlphaPrint,3.53,429,11.37,10,2025-05-17 04:40:52.552627,0.9214901152412646,3.53
42,C194,4,FlyerFactory,3.84,430,11.29,12,2025-05-17 04:40:52.558627,0.911336581530442,3.84
42,C194,5,TeeMasters,3.32,431,11.74,7,2025-05-17 04:40:52.563632,0.930633501435509,3.32
42,C194,7,ExpressInk,4.99,432,9.56,6,2025-05-17 04:40:52.568627,0.9716374524294011,4.99
42,C194,8,ColorSprint,3.88,433,12.19,6,2025-05-17 04:40:52.572630,0.9390227627218176,3.88
42,C194,13,NeoPrint,4.31,434,12.14,3,2025-05-17 04:40:52.578628,0.9582483407851573,4.31
42,C194,14,ArtifyPress,3.2,435,11.94,9,2025-05-17 04:40:52.583629,0.9133184928220605,3.2
42,C194,16,NovaPrint,3.11,436,11.74,8,2025-05-17 04:40:52.588627,0.9209244352517542,3.11
42,C194,18,PremiumInk,3.79,437,9.87,9,2025-05-17 04:40:52.593627,0.9485376589210789,3.79
43,C270,2,BetaColor,4.05,438,12.47,8,2025-05-17 04:40:52.599627,0.9262247140996133,4.05
43,C270,4,FlyerFactory,3.84,439,14.05,8,2025-05-17 04:40:52.604627,0.5690001521199952,3.84
43,C270,5,TeeMasters,3.32,440,12.43,9,2025-05-17 04:40:52.609619,0.9065395920878725,3.32
43,C270,8,ColorSprint,3.88,441,12.51,10,2025-05-17 04:40:52.614620,0.607743585740108,3.88
43,C270,11,RapidPress,3.1,442,13.58,10,2025-05-17 04:40:52.619620,0.48991019537241737,3.1
43,C270,12,InkFusion,4.26,443,14.83,8,2025-05-17 04:40:52.624692,0.5413394603135191,4.26
43,C270,14,ArtifyPress,3.2,444,13.39,7,2025-05-17 04:40:52.629628,0.897721146742157,3.2
43,C270,16,NovaPrint,3.11,445,13.24,4,2025-05-17 04:40:52.635627,0.9255691810346547,3.11
43,C270,18,PremiumInk,3.79,446,13.36,6,2025-05-17 04:40:52.640627,0.65058680348452,3.79
44,C738,1,AlphaPrint,3.53,447,11.16,7,2025-05-17 04:40:52.645628,0.9223245293905372,3.53
44,C738,2,BetaColor,4.05,448,9.89,6,2025-05-17 04:40:52.650632,0.7794467317433569,4.05
44,C738,3,GigaPress,4.81,449,11.41,4,2025-05-17 04:40:52.655636,0.7719204141903642,4.81
44,C738,4,FlyerFactory,3.84,450,11.21,4,2025-05-17 04:40:52.660628,0.7387689745272433,3.84
44,C738,8,ColorSprint,3.88,451,10.51,3,2025-05-17 04:40:52.666627,0.7873931509013667,3.88
44,C738,12,InkFusion,4.26,452,11.7,3,2025-05-17 04:40:52.672627,0.9533333735788825,4.26
44,C738,13,NeoPrint,4.31,453,11.43,9,2025-05-17 04:40:52.676630,0.9173548910673552,4.31
44,C738,14,ArtifyPress,3.2,454,9.88,7,2025-05-17 04:40:52.681621,0.7024834537189057,3.2
44,C738,15,MetroPrints,4.98,455,9.7,3,2025-05-17 04:40:52.686629,0.972525438770059,4.98
44,C738,16,NovaPrint,3.11,456,9.52,4,2025-05-17 04:40:52.692627,0.9547435281029227,3.11
45,C778,1,AlphaPrint,3.53,457,11.15,10,2025-05-17 04:40:52.698627,0.8958820371374722,3.53
45,C778,3,GigaPress,4.81,458,10.65,6,2025-05-17 04:40:52.703628,0.9534345911999544,4.81
45,C778,7,ExpressInk,4.99,459,9.65,6,2025-05-17 04:40:52.709627,0.9640738728437601,4.99
45,C778,10,ZetaGraphics,4.07,460,9.75,4,2025-05-17 04:40:52.714627,0.9648213928225684,4.07
45,C778,12,InkFusion,4.26,461,10.63,6,2025-05-17 04:40:52.719633,0.760249297392291,4.26
45,C778,13,NeoPrint,4.31,462,10.91,4,2025-05-17 04:40:52.724630,0.9541190914072619,4.31
45,C778,14,ArtifyPress,3.2,463,10.61,10,2025-05-17 04:40:52.729627,0.8988577720592136,3.2
45,C778,16,NovaPrint,3.11,464,9.03,5,2025-05-17 04:40:52.735630,0.7794331143469331,3.11
45,C778,17,EcoFlyers,4.7,465,9.77,4,2025-05-17 04:40:52.739628,0.836057967549775,4.7
45,C778,19,BoldPress,4.0,466,8.84,10,2025-05-17 04:40:52.744628,0.9434174239521771,4.0
46,C170,1,AlphaPrint,3.53,467,12.89,10,2025-05-17 04:40:52.750620,0.8583432790511021,3.53
46,C170,2,BetaColor,4.05,468,13.12,6,2025-05-17 04:40:52.755628,0.9120025149355747,4.05
46,C170,5,TeeMasters,3.32,469,12.58,4,2025-05-17 04:40:52.760627,0.642788113047473,3.32
46,C170,6,VinylKing,4.21,470,12.8,10,2025-05-17 04:40:52.765627,0.5417469875961396,4.21
46,C170,7,ExpressInk,4.99,471,13.43,7,2025-05-17 04:40:52.770627,0.914547073092906,4.99
46,C170,8,ColorSprint,3.88,472,13.49,3,2025-05-17 04:40:52.775627,0.9219274144105652,3.88
46,C170,9,FlexiPrint,4.98,473,12.29,4,2025-05-17 04:40:52.779620,0.9504886583559976,4.98
46,C170,12,InkFusion,4.26,474,12.24,5,2025-05-17 04:40:52.785620,0.9361114320218962,4.26
46,C170,14,ArtifyPress,3.2,475,14.23,9,2025-05-17 04:40:52.790620,0.8269250798209236,3.2
46,C170,16,NovaPrint,3.11,476,12.46,6,2025-05-17 04:40:52.795627,0.9009895157346522,3.11
46,C170,17,EcoFlyers,4.7,477,15.29,5,2025-05-17 04:40:52.800620,0.5728730816369991,4.7
46,C170,20,SigmaPrint,4.21,478,12.07,4,2025-05-17 04:40:52.806627,0.9407816623693784,4.21
47,C144,1,AlphaPrint,3.53,479,14.65,7,2025-05-17 04:40:52.811630,0.8500650483603306,3.53
47,C144,2,BetaColor,4.05,480,12.02,4,2025-05-17 04:40:52.816630,0.7299659561857338,4.05
47,C144,5,TeeMasters,3.32,481,14.36,10,2025-05-17 04:40:52.821627,0.8072805456963317,3.32
47,C144,6,VinylKing,4.21,482,12.67,9,2025-05-17 04:40:52.826628,0.8937184113722446,4.21
47,C144,7,ExpressInk,4.99,483,12.56,9,2025-05-17 04:40:52.831629,0.9092307965467338,4.99
47,C144,8,ColorSprint,3.88,484,14.28,5,2025-05-17 04:40:52.835630,0.886233373300138,3.88
47,C144,9,FlexiPrint,4.98,485,13.54,8,2025-05-17 04:40:52.840630,0.5962486429247039,4.98
47,C144,12,InkFusion,4.26,486,13.98,4,2025-05-17 04:40:52.846639,0.9151502503057756,4.26
47,C144,14,ArtifyPress,3.2,487,14.93,10,2025-05-17 04:40:52.851620,0.7756374122618936,3.2
47,C144,16,NovaPrint,3.11,488,12.12,3,2025-05-17 04:40:52.856628,0.9307759965990721,3.11
47,C144,17,EcoFlyers,4.7,489,14.02,3,2025-05-17 04:40:52.861629,0.9293872962029398,4.7
47,C144,20,SigmaPrint,4.21,490,13.41,6,2025-05-17 04:40:52.867627,0.9086110896096482,4.21
48,C171,1,AlphaPrint,3.53,491,11.27,7,2025-05-17 04:40:52.872619,0.7272179378910156,3.53
48,C171,4,FlyerFactory,3.84,492,12.11,6,2025-05-17 04:40:52.877627,0.7190443640323902,3.84
48,C171,5,TeeMasters,3.32,493,10.48,6,2025-05-17 04:40:52.882629,0.9529663370384608,3.32
48,C171,7,ExpressInk,4.99,494,10.72,12,2025-05-17 04:40:52.887627,0.935515770383961,4.99
48,C171,8,ColorSprint,3.88,495,12.57,8,2025-05-17 04:40:52.891632,0.9214285580891319,3.88
48,C171,13,NeoPrint,4.31,496,10.9,4,2025-05-17 04:40:52.897627,0.966754344677193,4.31
48,C171,14,ArtifyPress,3.2,497,12.5,9,2025-05-17 04:40:52.902627,0.8944177830587161,3.2
48,C171,16,NovaPrint,3.11,498,12.81,6,2025-05-17 04:40:52.907628,0.6523251961736057,3.11
48,C171,18,PremiumInk,3.79,499,10.02,12,2025-05-17 04:40:52.912629,0.6751373396316498,3.79
49,C375,1,AlphaPrint,3.53,500,11.26,8,2025-05-17 04:40:52.918627,0.6291284780931496,3.53
49,C375,4,FlyerFactory,3.84,501,10.43,7,2025-05-17 04:40:52.923630,0.937923915905777,3.84
49,C375,6,VinylKing,4.21,502,11.43,10,2025-05-17 04:40:52.928622,0.9082764851116858,4.21
49,C375,7,ExpressInk,4.99,503,12.52,10,2025-05-17 04:40:52.933633,0.9072171461121846,4.99
49,C375,8,ColorSprint,3.88,504,12.07,4,2025-05-17 04:40:52.938629,0.7109179807408751,3.88
49,C375,12,InkFusion,4.26,505,10.63,6,2025-05-17 04:40:52.944624,0.9485930499311263,4.26
49,C375,14,ArtifyPress,3.2,506,11.74,9,2025-05-17 04:40:52.952629,0.8873859845978652,3.2
49,C375,16,NovaPrint,3.11,507,9.9,10,2025-05-17 04:40:52.958621,0.9121785836648525,3.11
49,C375,17,EcoFlyers,4.7,508,12.48,9,2025-05-17 04:40:52.963628,0.9095529962903406,4.7
49,C375,18,PremiumInk,3.79,509,12.3,5,2025-05-17 04:40:52.967627,0.6689229314267001,3.79
49,C375,19,BoldPress,4.0,510,10.37,8,2025-05-17 04:40:52.972627,0.7099941973177762,4.0
49,C375,20,SigmaPrint,4.21,511,12.2,4,2025-05-17 04:40:52.977630,0.7167799332619984,4.21
